{
    "-1": {
        "name": "All Leagues",
        "flag": "🌍",
        "country": "Global"
    },
    "128": {
        "name": "Liga Profesional Argentina",
        "flag": "https://media.api-sports.io/flags/ar.svg",
        "country": "Argentina"
    },
    "1032": {
        "name": "Copa de la Liga Profesional",
        "flag": "https://media.api-sports.io/flags/ar.svg",
        "country": "Argentina"
    },
    "188": {
        "name": "A-League",
        "flag": "https://media.api-sports.io/flags/au.svg",
        "country": "Australia"
    },
    "218": {
        "name": "Bundesliga",
        "flag": "https://media.api-sports.io/flags/at.svg",
        "country": "Austria"
    },
    "144": {
        "name": "Jupiler Pro League",
        "flag": "https://media.api-sports.io/flags/be.svg",
        "country": "Belgium"
    },
    "71": {
        "name": "Serie A",
        "flag": "https://media.api-sports.io/flags/br.svg",
        "country": "Brazil"
    },
    "72": {
        "name": "Serie B",
        "flag": "https://media.api-sports.io/flags/br.svg",
        "country": "Brazil"
    },
    "475": {
        "name": "Paulista - A1",
        "flag": "https://media.api-sports.io/flags/br.svg",
        "country": "Brazil"
    },
    "479": {
        "name": "Canadian Premier League",
        "flag": "https://media.api-sports.io/flags/ca.svg",
        "country": "Canada"
    },
    "265": {
        "name": "Primera División",
        "flag": "https://media.api-sports.io/flags/cl.svg",
        "country": "Chile"
    },
    "169": {
        "name": "Super League",
        "flag": "https://media.api-sports.io/flags/cn.svg",
        "country": "China"
    },
    "239": {
        "name": "Primera A",
        "flag": "https://media.api-sports.io/flags/co.svg",
        "country": "Colombia"
    },
    "210": {
        "name": "HNL",
        "flag": "https://media.api-sports.io/flags/hr.svg",
        "country": "Croatia"
    },
    "318": {
        "name": "1. Division",
        "flag": "https://media.api-sports.io/flags/cy.svg",
        "country": "Cyprus"
    },
    "345": {
        "name": "Czech Liga",
        "flag": "https://media.api-sports.io/flags/cz.svg",
        "country": "Czech-Republic"
    },
    "119": {
        "name": "Superliga",
        "flag": "https://media.api-sports.io/flags/dk.svg",
        "country": "Denmark"
    },
    "242": {
        "name": "Liga Pro",
        "flag": "https://media.api-sports.io/flags/ec.svg",
        "country": "Ecuador"
    },
    "233": {
        "name": "Premier League",
        "flag": "https://media.api-sports.io/flags/eg.svg",
        "country": "Egypt"
    },
    "39": {
        "name": "Premier League",
        "flag": "https://media.api-sports.io/flags/gb-eng.svg",
        "country": "England"
    },
    "40": {
        "name": "Championship",
        "flag": "https://media.api-sports.io/flags/gb-eng.svg",
        "country": "England"
    },
    "41": {
        "name": "League One",
        "flag": "https://media.api-sports.io/flags/gb-eng.svg",
        "country": "England"
    },
    "42": {
        "name": "League Two",
        "flag": "https://media.api-sports.io/flags/gb-eng.svg",
        "country": "England"
    },
    "44": {
        "name": "FA WSL",
        "flag": "https://media.api-sports.io/flags/gb-eng.svg",
        "country": "England"
    },
    "61": {
        "name": "Ligue 1",
        "flag": "https://media.api-sports.io/flags/fr.svg",
        "country": "France"
    },
    "62": {
        "name": "Ligue 2",
        "flag": "https://media.api-sports.io/flags/fr.svg",
        "country": "France"
    },
    "64": {
        "name": "Feminine Division 1",
        "flag": "https://media.api-sports.io/flags/fr.svg",
        "country": "France"
    },
    "78": {
        "name": "Bundesliga",
        "flag": "https://media.api-sports.io/flags/de.svg",
        "country": "Germany"
    },
    "79": {
        "name": "2. Bundesliga",
        "flag": "https://media.api-sports.io/flags/de.svg",
        "country": "Germany"
    },
    "80": {
        "name": "3. Liga",
        "flag": "https://media.api-sports.io/flags/de.svg",
        "country": "Germany"
    },
    "82": {
        "name": "Frauen Bundesliga",
        "flag": "https://media.api-sports.io/flags/de.svg",
        "country": "Germany"
    },
    "197": {
        "name": "Super League 1",
        "flag": "https://media.api-sports.io/flags/gr.svg",
        "country": "Greece"
    },
    "271": {
        "name": "NB I",
        "flag": "https://media.api-sports.io/flags/hu.svg",
        "country": "Hungary"
    },
    "323": {
        "name": "Indian Super League",
        "flag": "https://media.api-sports.io/flags/in.svg",
        "country": "India"
    },
    "357": {
        "name": "Premier Division",
        "flag": "https://media.api-sports.io/flags/ie.svg",
        "country": "Ireland"
    },
    "383": {
        "name": "Ligat Ha'al",
        "flag": "https://media.api-sports.io/flags/il.svg",
        "country": "Israel"
    },
    "135": {
        "name": "Serie A",
        "flag": "https://media.api-sports.io/flags/it.svg",
        "country": "Italy"
    },
    "136": {
        "name": "Serie B",
        "flag": "https://media.api-sports.io/flags/it.svg",
        "country": "Italy"
    },
    "139": {
        "name": "Serie A Women",
        "flag": "https://media.api-sports.io/flags/it.svg",
        "country": "Italy"
    },
    "98": {
        "name": "J1 League",
        "flag": "https://media.api-sports.io/flags/jp.svg",
        "country": "Japan"
    },
    "262": {
        "name": "Liga MX",
        "flag": "https://media.api-sports.io/flags/mx.svg",
        "country": "Mexico"
    },
    "88": {
        "name": "Eredivisie",
        "flag": "https://media.api-sports.io/flags/nl.svg",
        "country": "Netherlands"
    },
    "89": {
        "name": "Eerste Divisie",
        "flag": "https://media.api-sports.io/flags/nl.svg",
        "country": "Netherlands"
    },
    "103": {
        "name": "Eliteserien",
        "flag": "https://media.api-sports.io/flags/no.svg",
        "country": "Norway"
    },
    "281": {
        "name": "Primera División",
        "flag": "https://media.api-sports.io/flags/pe.svg",
        "country": "Peru"
    },
    "106": {
        "name": "Ekstraklasa",
        "flag": "https://media.api-sports.io/flags/pl.svg",
        "country": "Poland"
    },
    "94": {
        "name": "Primeira Liga",
        "flag": "https://media.api-sports.io/flags/pt.svg",
        "country": "Portugal"
    },
    "305": {
        "name": "Stars League",
        "flag": "https://media.api-sports.io/flags/qa.svg",
        "country": "Qatar"
    },
    "283": {
        "name": "Liga I",
        "flag": "https://media.api-sports.io/flags/ro.svg",
        "country": "Romania"
    },
    "235": {
        "name": "Premier League",
        "flag": "https://media.api-sports.io/flags/ru.svg",
        "country": "Russia"
    },
    "307": {
        "name": "Pro League",
        "flag": "https://media.api-sports.io/flags/sa.svg",
        "country": "Saudi-Arabia"
    },
    "179": {
        "name": "Premiership",
        "flag": "https://media.api-sports.io/flags/gb-sct.svg",
        "country": "Scotland"
    },
    "286": {
        "name": "Super Liga",
        "flag": "https://media.api-sports.io/flags/rs.svg",
        "country": "Serbia"
    },
    "332": {
        "name": "Super Liga",
        "flag": "https://media.api-sports.io/flags/sk.svg",
        "country": "Slovakia"
    },
    "288": {
        "name": "Premier Soccer League",
        "flag": "https://media.api-sports.io/flags/za.svg",
        "country": "South-Africa"
    },
    "140": {
        "name": "La Liga",
        "flag": "https://media.api-sports.io/flags/es.svg",
        "country": "Spain"
    },
    "141": {
        "name": "Segunda División",
        "flag": "https://media.api-sports.io/flags/es.svg",
        "country": "Spain"
    },
    "113": {
        "name": "Allsvenskan",
        "flag": "https://media.api-sports.io/flags/se.svg",
        "country": "Sweden"
    },
    "549": {
        "name": "Damallsvenskan",
        "flag": "https://media.api-sports.io/flags/se.svg",
        "country": "Sweden"
    },
    "207": {
        "name": "Super League",
        "flag": "https://media.api-sports.io/flags/ch.svg",
        "country": "Switzerland"
    },
    "296": {
        "name": "Thai League 1",
        "flag": "https://media.api-sports.io/flags/th.svg",
        "country": "Thailand"
    },
    "203": {
        "name": "Süper Lig",
        "flag": "https://media.api-sports.io/flags/tr.svg",
        "country": "Turkey"
    },
    "204": {
        "name": "1. Lig",
        "flag": "https://media.api-sports.io/flags/tr.svg",
        "country": "Turkey"
    },
    "301": {
        "name": "Pro League",
        "flag": "https://media.api-sports.io/flags/ae.svg",
        "country": "United-Arab-Emirates"
    },
    "254": {
        "name": "NWSL Women",
        "flag": "https://media.api-sports.io/flags/us.svg",
        "country": "USA"
    }
}